<?xml version="1.0" encoding="UTF-8"?>
<metadata xml:lang="en"><Esri><CreaDate>20181001</CreaDate><CreaTime>15182400</CreaTime><ArcGISFormat>1.0</ArcGISFormat><SyncOnce>TRUE</SyncOnce><DataProperties><lineage><Process ToolSource="c:\program files (x86)\arcgis\desktop10.5\ArcToolbox\Toolboxes\Data Management Tools.tbx\CalculateField" Date="20181001" Time="151824">CalculateField known_sites_6_28_18 Name "Son Sard (Villa Romana)" VB #</Process><Process ToolSource="c:\program files (x86)\arcgis\desktop10.5\ArcToolbox\Toolboxes\Data Management Tools.tbx\CalculateField" Date="20181001" Time="151910">CalculateField known_sites_6_28_18 Name "Puig de Son Sard(Murada)" VB #</Process><Process ToolSource="c:\program files (x86)\arcgis\desktop10.5\ArcToolbox\Toolboxes\Data Management Tools.tbx\CalculateField" Date="20181001" Time="151938">CalculateField known_sites_6_28_18 Name "Puig de Son Sard(Plataforma)" VB #</Process><Process ToolSource="c:\program files (x86)\arcgis\desktop10.5\ArcToolbox\Toolboxes\Data Management Tools.tbx\CalculateField" Date="20181001" Time="152004">CalculateField known_sites_6_28_18 Name "Puig de Son Sard(Villa Romana)" VB #</Process><Process ToolSource="c:\program files (x86)\arcgis\desktop10.5\ArcToolbox\Toolboxes\Data Management Tools.tbx\CalculateField" Date="20181001" Time="152023">CalculateField known_sites_6_28_18 Name "Puig de Son Sard(Plat)" VB #</Process><Process ToolSource="c:\program files (x86)\arcgis\desktop10.5\ArcToolbox\Toolboxes\Data Management Tools.tbx\CalculateField" Date="20181001" Time="152119">CalculateField known_sites_6_28_18 Name "S'Hort d'en Nebot (cova)" VB #</Process><Process ToolSource="c:\program files (x86)\arcgis\desktop10.5\ArcToolbox\Toolboxes\Data Management Tools.tbx\CalculateField" Date="20181001" Time="152142">CalculateField known_sites_6_28_18 Name "S'Hort d'en Nebot (moli)" VB #</Process></lineage></DataProperties></Esri></metadata>
